{
  "test_name": "自动登录功能修复验证",
  "test_date": "2025-07-05T17:58:51.265709",
  "modifications": [
    {
      "file": "B3BForm.cs",
      "method": "CheckLoginFormExistsAsync",
      "changes": [
        "添加了详细的表单元素检查",
        "返回JSON格式的检查结果",
        "包含页面状态和所有输入框信息"
      ]
    },
    {
      "file": "B3BForm.cs",
      "method": "PerformAutoLoginAsync",
      "changes": [
        "添加了重试机制(最多5次)",
        "增加了等待时间(2秒间隔)",
        "改进了错误提示信息",
        "增加了成功状态的详细反馈"
      ]
    },
    {
      "file": "B3BForm.cs",
      "method": "LoginCheckTimer_Tick",
      "changes": [
        "改进了URL匹配逻辑",
        "增加了emoji图标的调试输出",
        "添加了不同页面状态的处理"
      ]
    },
    {
      "file": "B3BForm.cs",
      "method": "TestPageElementsAsync",
      "changes": [
        "增加了更多页面信息检查",
        "格式化显示检查结果",
        "包含所有输入框的详细信息"
      ]
    },
    {
      "file": "B3BForm.cs",
      "method": "ManualTestAutoLoginAsync",
      "changes": [
        "新增手动测试方法",
        "支持在任意页面测试自动登录",
        "提供详细的测试反馈"
      ]
    }
  ],
  "expected_behavior": {
    "url_detection": "应该能正确检测到包含'Login.aspx'或'oper.cddyf.net/Login'的URL",
    "form_elements": "应该能找到txtUserName, txtPassword, txtCode, chkJizhu, btnLogon等元素",
    "auto_fill": "应该能自动填写用户名(18988486220)和密码(zg123456)",
    "checkbox": "应该能自动勾选'记住密码'复选框",
    "user_interaction": "用户只需手动输入验证码并点击登录"
  },
  "debugging_tips": [
    "启用Visual Studio的调试输出窗口",
    "查看System.Diagnostics.Debug.WriteLine的输出",
    "注意带有emoji图标的调试信息",
    "检查'登录表单检查详情'的JSON输出",
    "观察重试机制是否正常工作"
  ],
  "troubleshooting": {
    "form_not_found": "如果仍然提示'登录表单未找到'，请检查页面是否完全加载",
    "elements_missing": "如果某些元素不存在，请使用TestPageElementsAsync方法检查页面结构",
    "timing_issues": "如果存在时序问题，可以增加等待时间或重试次数",
    "manual_test": "可以使用ManualTestAutoLoginAsync方法手动触发测试"
  }
}